<?xml version="1.0" encoding="UTF-8"?>
<office:document-meta xmlns:meta="urn:oasis:names:tc:opendocument:xmlns:meta:1.0" xmlns:office="urn:oasis:names:tc:opendocument:xmlns:office:1.0" xmlns:grddl="http://www.w3.org/2003/g/data-view#" xmlns:ooo="http://openoffice.org/2004/office" xmlns:xlink="http://www.w3.org/1999/xlink" xmlns:dc="http://purl.org/dc/elements/1.1/" office:version="1.2"><office:meta><meta:initial-creator>François Bulot</meta:initial-creator><meta:creation-date>2021-02-26T15:29:35.533000000</meta:creation-date><dc:date>2021-03-01T14:48:24.350000000</dc:date><dc:creator>François Bulot</dc:creator><meta:editing-duration>PT28M19S</meta:editing-duration><meta:editing-cycles>7</meta:editing-cycles><meta:generator>LibreOffice/6.4.6.2$Windows_X86_64 LibreOffice_project/0ce51a4fd21bff07a5c061082cc82c5ed232f115</meta:generator><meta:document-statistic meta:table-count="0" meta:image-count="0" meta:object-count="0" meta:page-count="8" meta:paragraph-count="123" meta:word-count="483" meta:character-count="4115" meta:non-whitespace-character-count="3779"/></office:meta></office:document-meta>