<?xml version="1.0" encoding="UTF-8"?>
<office:document-meta xmlns:office="urn:oasis:names:tc:opendocument:xmlns:office:1.0" xmlns:xlink="http://www.w3.org/1999/xlink" xmlns:dc="http://purl.org/dc/elements/1.1/" xmlns:meta="urn:oasis:names:tc:opendocument:xmlns:meta:1.0" xmlns:ooo="http://openoffice.org/2004/office" office:version="1.2"><office:meta><meta:creation-date>2009-04-16T11:32:02.64</meta:creation-date><meta:editing-duration>PT00H00M35S</meta:editing-duration><meta:editing-cycles>2</meta:editing-cycles><meta:generator>StarOffice/9$Win32 OpenOffice.org_project/310m6$Build-9391</meta:generator><meta:document-statistic meta:table-count="0" meta:image-count="0" meta:object-count="0" meta:page-count="1" meta:paragraph-count="0" meta:word-count="0" meta:character-count="0"/><dc:date>2009-04-16T11:32:06.21</dc:date><meta:user-defined meta:name="Info 1"/><meta:user-defined meta:name="Info 2"/><meta:user-defined meta:name="Info 3"/><meta:user-defined meta:name="Info 4"/></office:meta></office:document-meta>