<?xml version="1.0" encoding="UTF-8" standalone="yes"?><office:document-styles xmlns:office="urn:oasis:names:tc:opendocument:xmlns:office:1.0" xmlns:style="urn:oasis:names:tc:opendocument:xmlns:style:1.0" xmlns:text="urn:oasis:names:tc:opendocument:xmlns:text:1.0" xmlns:table="urn:oasis:names:tc:opendocument:xmlns:table:1.0" xmlns:draw="urn:oasis:names:tc:opendocument:xmlns:drawing:1.0" xmlns:fo="urn:oasis:names:tc:opendocument:xmlns:xsl-fo-compatible:1.0" xmlns:xlink="http://www.w3.org/1999/xlink" xmlns:dc="http://purl.org/dc/elements/1.1/" xmlns:meta="urn:oasis:names:tc:opendocument:xmlns:meta:1.0" xmlns:number="urn:oasis:names:tc:opendocument:xmlns:datastyle:1.0" xmlns:svg="urn:oasis:names:tc:opendocument:xmlns:svg-compatible:1.0" xmlns:chart="urn:oasis:names:tc:opendocument:xmlns:chart:1.0" xmlns:dr3d="urn:oasis:names:tc:opendocument:xmlns:dr3d:1.0" xmlns:math="http://www.w3.org/1998/Math/MathML" xmlns:form="urn:oasis:names:tc:opendocument:xmlns:form:1.0" xmlns:script="urn:oasis:names:tc:opendocument:xmlns:script:1.0" xmlns:ooo="http://openoffice.org/2004/office" xmlns:ooow="http://openoffice.org/2004/writer" xmlns:oooc="http://openoffice.org/2004/calc" xmlns:dom="http://www.w3.org/2001/xml-events" xmlns:rpt="http://openoffice.org/2005/report" xmlns:of="urn:oasis:names:tc:opendocument:xmlns:of:1.2" xmlns:xhtml="http://www.w3.org/1999/xhtml" xmlns:grddl="http://www.w3.org/2003/g/data-view#" xmlns:officeooo="http://openoffice.org/2009/office" xmlns:tableooo="http://openoffice.org/2009/table" xmlns:drawooo="http://openoffice.org/2010/draw" xmlns:calcext="urn:org:documentfoundation:names:experimental:calc:xmlns:calcext:1.0" xmlns:loext="urn:org:documentfoundation:names:experimental:office:xmlns:loext:1.0" xmlns:field="urn:openoffice:names:experimental:ooo-ms-interop:xmlns:field:1.0" xmlns:css3t="http://www.w3.org/TR/css3-text/" office:version="1.2">
	<office:font-face-decls>
		<style:font-face style:name="Tahoma1" svg:font-family="Tahoma"/>
		<style:font-face style:name="Times New Roman" svg:font-family="'Times New Roman'" style:font-family-generic="roman" style:font-pitch="variable"/>
		<style:font-face style:name="Arial" svg:font-family="Arial" style:font-family-generic="swiss" style:font-pitch="variable"/>
		<style:font-face style:name="Andale Sans UI" svg:font-family="'Andale Sans UI'" style:font-family-generic="system" style:font-pitch="variable"/>
		<style:font-face style:name="Tahoma" svg:font-family="Tahoma" style:font-family-generic="system" style:font-pitch="variable"/>
	</office:font-face-decls>
	<office:styles>
		<style:default-style style:family="graphic">
			<style:graphic-properties draw:shadow-offset-x="0.3cm" draw:shadow-offset-y="0.3cm" draw:start-line-spacing-horizontal="0.283cm" draw:start-line-spacing-vertical="0.283cm" draw:end-line-spacing-horizontal="0.283cm" draw:end-line-spacing-vertical="0.283cm" style:flow-with-text="false"/>
			<style:paragraph-properties style:text-autospace="ideograph-alpha" style:line-break="strict" style:writing-mode="lr-tb" style:font-independent-line-spacing="false">
				<style:tab-stops/>
			</style:paragraph-properties>
			<style:text-properties style:use-window-font-color="true" fo:font-size="12pt" style:letter-kerning="true" style:font-size-asian="12pt" style:font-size-complex="12pt"/>
		</style:default-style>
		<style:default-style style:family="paragraph">
			<style:paragraph-properties fo:hyphenation-ladder-count="no-limit" style:text-autospace="ideograph-alpha" style:punctuation-wrap="hanging" style:line-break="strict" style:tab-stop-distance="1.245cm" style:writing-mode="page"/>
			<style:text-properties style:use-window-font-color="true" style:font-name="Arial" fo:font-size="10pt" style:letter-kerning="true" style:font-name-asian="Andale Sans UI" style:font-size-asian="10pt" style:font-name-complex="Tahoma" style:font-size-complex="10pt" fo:hyphenate="false" fo:hyphenation-remain-char-count="2" fo:hyphenation-push-char-count="2"/>
		</style:default-style>
		<style:default-style style:family="table">
			<style:table-properties table:border-model="collapsing"/>
		</style:default-style>
		<style:default-style style:family="table-row">
			<style:table-row-properties fo:keep-together="auto"/>
		</style:default-style>
		<style:style style:name="Standard" style:family="paragraph" style:class="text">
			<style:text-properties fo:language="zxx" fo:country="none" style:language-asian="zxx" style:country-asian="none" style:language-complex="zxx" style:country-complex="none"/>
		</style:style>
		<style:style style:name="Heading" style:family="paragraph" style:parent-style-name="Standard" style:next-style-name="Text_20_body" style:class="text">
			<style:paragraph-properties fo:margin-top="0.423cm" fo:margin-bottom="0.212cm" fo:keep-with-next="always"/>
			<style:text-properties style:font-name="Arial" fo:font-size="140%" style:font-name-asian="Andale Sans UI" style:font-size-asian="140%" style:font-name-complex="Tahoma" style:font-size-complex="140%"/>
		</style:style>
		<style:style style:name="Text_20_body" style:display-name="Text body" style:family="paragraph" style:parent-style-name="Standard" style:class="text">
			<style:paragraph-properties fo:margin-top="0cm" fo:margin-bottom="0.212cm"/>
		</style:style>
		<style:style style:name="List" style:family="paragraph" style:parent-style-name="Text_20_body" style:class="list">
			<style:text-properties style:font-name-complex="Tahoma1"/>
		</style:style>
		<style:style style:name="Caption" style:family="paragraph" style:parent-style-name="Standard" style:class="extra">
			<style:paragraph-properties fo:margin-top="0.212cm" fo:margin-bottom="0.212cm" text:number-lines="false" text:line-number="0"/>
			<style:text-properties fo:font-size="120%" fo:font-style="italic" style:font-size-asian="120%" style:font-style-asian="italic" style:font-name-complex="Tahoma1" style:font-size-complex="120%" style:font-style-complex="italic"/>
		</style:style>
		<style:style style:name="Index" style:family="paragraph" style:parent-style-name="Standard" style:class="index">
			<style:paragraph-properties text:number-lines="false" text:line-number="0"/>
			<style:text-properties style:font-name-complex="Tahoma1"/>
		</style:style>
		<text:outline-style style:name="Outline">
			<text:outline-level-style text:level="1" style:num-format="">
			<style:list-level-properties text:list-level-position-and-space-mode="label-alignment">
				<style:list-level-label-alignment text:label-followed-by="listtab" text:list-tab-stop-position="0.762cm" fo:text-indent="-0.762cm" fo:margin-left="0.762cm"/>
			</style:list-level-properties>
		</text:outline-level-style>
		<text:outline-level-style text:level="2" style:num-format="">
			<style:list-level-properties text:list-level-position-and-space-mode="label-alignment">
			<style:list-level-label-alignment text:label-followed-by="listtab" text:list-tab-stop-position="1.016cm" fo:text-indent="-1.016cm" fo:margin-left="1.016cm"/>
			</style:list-level-properties>
		</text:outline-level-style>
		<text:outline-level-style text:level="3" style:num-format="">
			<style:list-level-properties text:list-level-position-and-space-mode="label-alignment">
			<style:list-level-label-alignment text:label-followed-by="listtab" text:list-tab-stop-position="1.27cm" fo:text-indent="-1.27cm" fo:margin-left="1.27cm"/>
			</style:list-level-properties>
		</text:outline-level-style>
		<text:outline-level-style text:level="4" style:num-format="">
			<style:list-level-properties text:list-level-position-and-space-mode="label-alignment">
			<style:list-level-label-alignment text:label-followed-by="listtab" text:list-tab-stop-position="1.524cm" fo:text-indent="-1.524cm" fo:margin-left="1.524cm"/>
			</style:list-level-properties>
		</text:outline-level-style>
		<text:outline-level-style text:level="5" style:num-format="">
			<style:list-level-properties text:list-level-position-and-space-mode="label-alignment">
			<style:list-level-label-alignment text:label-followed-by="listtab" text:list-tab-stop-position="1.778cm" fo:text-indent="-1.778cm" fo:margin-left="1.778cm"/>
			</style:list-level-properties>
		</text:outline-level-style>
		<text:outline-level-style text:level="6" style:num-format="">
			<style:list-level-properties text:list-level-position-and-space-mode="label-alignment">
			<style:list-level-label-alignment text:label-followed-by="listtab" text:list-tab-stop-position="2.032cm" fo:text-indent="-2.032cm" fo:margin-left="2.032cm"/>
			</style:list-level-properties>
		</text:outline-level-style>
		<text:outline-level-style text:level="7" style:num-format="">
			<style:list-level-properties text:list-level-position-and-space-mode="label-alignment">
			<style:list-level-label-alignment text:label-followed-by="listtab" text:list-tab-stop-position="2.286cm" fo:text-indent="-2.286cm" fo:margin-left="2.286cm"/>
			</style:list-level-properties>
		</text:outline-level-style>
			<text:outline-level-style text:level="8" style:num-format="">
			<style:list-level-properties text:list-level-position-and-space-mode="label-alignment">
			<style:list-level-label-alignment text:label-followed-by="listtab" text:list-tab-stop-position="2.54cm" fo:text-indent="-2.54cm" fo:margin-left="2.54cm"/>
			</style:list-level-properties>
		</text:outline-level-style>
		<text:outline-level-style text:level="9" style:num-format="">
			<style:list-level-properties text:list-level-position-and-space-mode="label-alignment">
			<style:list-level-label-alignment text:label-followed-by="listtab" text:list-tab-stop-position="2.794cm" fo:text-indent="-2.794cm" fo:margin-left="2.794cm"/>
			</style:list-level-properties>
		</text:outline-level-style>
		<text:outline-level-style text:level="10" style:num-format="">
			<style:list-level-properties text:list-level-position-and-space-mode="label-alignment">
			<style:list-level-label-alignment text:label-followed-by="listtab" text:list-tab-stop-position="3.048cm" fo:text-indent="-3.048cm" fo:margin-left="3.048cm"/>
			</style:list-level-properties>
		</text:outline-level-style>
		</text:outline-style>


		<style:style style:name="Heading_20_1" style:display-name="Heading 1" style:family="paragraph" style:parent-style-name="Heading" style:next-style-name="Text_20_body" style:default-outline-level="1" style:class="text">
			<style:paragraph-properties fo:margin-top="1cm" fo:margin-bottom="0cm" loext:contextual-spacing="false" style:writing-mode="page"/>
			<style:text-properties fo:font-size="130%" fo:font-style="normal" fo:font-weight="bold" style:font-size-asian="130%" style:font-weight-asian="bold" style:font-size-complex="130%" style:font-weight-complex="bold"/>
		</style:style>
		
		<style:style style:name="Heading_20_2" style:display-name="Heading 2" style:family="paragraph" style:parent-style-name="Heading" style:next-style-name="Text_20_body" style:default-outline-level="2" style:class="text">
			<style:paragraph-properties fo:margin-top="1cm" fo:margin-bottom="0cm" loext:contextual-spacing="false"/>
			<style:text-properties fo:font-size="115%" fo:font-weight="bold" style:font-size-asian="115%" style:font-weight-asian="bold" style:font-size-complex="115%" style:font-weight-complex="bold"/>
		</style:style>
		
		<style:style style:name="Heading_20_3" style:display-name="Heading 3" style:family="paragraph" style:parent-style-name="Heading" style:next-style-name="Text_20_body" style:default-outline-level="3" style:class="text">
			<style:paragraph-properties fo:margin-top="1cm" fo:margin-bottom="0cm" loext:contextual-spacing="false"/>
			<style:text-properties fo:font-size="101%" fo:font-weight="bold" style:font-size-asian="101%" style:font-weight-asian="bold" style:font-size-complex="101%" style:font-weight-complex="bold"/>
		</style:style>
		
		<style:style style:name="Heading_20_4" style:display-name="Heading 4" style:family="paragraph" style:parent-style-name="Heading" style:next-style-name="Text_20_body" style:default-outline-level="4" style:class="text">
			<style:paragraph-properties fo:margin-top="1cm" fo:margin-bottom="0cm" loext:contextual-spacing="false" style:writing-mode="page"/>
			<style:text-properties fo:font-size="95%" fo:font-style="italic" fo:font-weight="bold" style:font-size-asian="95%" style:font-style-asian="italic" style:font-weight-asian="bold" style:font-size-complex="95%" style:font-style-complex="italic" style:font-weight-complex="bold"/>
		</style:style>
				
		
		
		<style:style style:name="DICO-TableauThematiqueNomVariable" style:family="paragraph" style:parent-style-name="Standard" style:master-page-name="">
		</style:style>
		
		<style:style style:name="DICO-TableauThematiqueLibelleVariable" style:family="paragraph" style:parent-style-name="Standard" style:master-page-name="">
		</style:style>
		
		
		
		<style:style style:name="DICO-GroupeEntetes" style:family="paragraph" style:parent-style-name="Standard" style:master-page-name="">
			<style:paragraph-properties fo:margin-top="0.25cm" fo:keep-together="always" style:page-number="auto" fo:keep-with-next="always" style:writing-mode="page"/>
			<style:text-properties fo:font-weight="bold"/>
		</style:style>
		
		<style:style style:name="DICO-GroupeContenus" style:family="paragraph" style:parent-style-name="Standard" style:master-page-name="">
			<style:paragraph-properties style:page-number="auto" style:writing-mode="page"/>
		</style:style>

		
		
		<style:style style:name="DICO-VariableNom" style:family="paragraph" style:parent-style-name="Standard" style:master-page-name="">
			<style:paragraph-properties fo:margin-top="0.5cm" fo:keep-together="always" style:page-number="auto" fo:keep-with-next="always" style:writing-mode="page"/>
			<style:text-properties fo:font-size="120%" fo:font-weight="bold"/>
		</style:style>
		
		<style:style style:name="DICO-VariableLibelle" style:family="paragraph" style:parent-style-name="Standard" style:master-page-name="">
			<style:paragraph-properties fo:keep-together="always" style:page-number="auto" fo:keep-with-next="always" style:writing-mode="page"/>
			<style:text-properties fo:font-style="italic" fo:font-weight="bold"/>
		</style:style>
		
		<style:style style:name="DICO-VariableDescription" style:family="paragraph" style:parent-style-name="Standard" style:master-page-name="">
			<style:paragraph-properties fo:margin-top="0.1cm" fo:keep-together="always" style:page-number="auto" fo:keep-with-next="always" style:writing-mode="page"/>
		</style:style>
		
		<style:style style:name="DICO-VariableEntetes" style:family="paragraph" style:parent-style-name="Standard" style:master-page-name="">
			<style:paragraph-properties fo:margin-top="0.2cm" fo:keep-together="always" style:page-number="auto" fo:keep-with-next="always" style:writing-mode="page"/>
			<style:text-properties fo:font-weight="bold"/>
		</style:style>
		
		<style:style style:name="DICO-VariableContenus" style:family="paragraph" style:parent-style-name="Standard" style:master-page-name="">
			<style:paragraph-properties style:page-number="auto" style:writing-mode="page"/>
		</style:style>

		<style:style style:name="DICO-VariableRepresentationEntetes" style:family="paragraph" style:parent-style-name="Standard" style:master-page-name="">
		</style:style>
		
		<style:style style:name="DICO-VariableRepresentationContenu" style:family="paragraph" style:parent-style-name="Standard" style:master-page-name="">
		</style:style>	

		<style:style style:name="DICO-VariableMessageValeursManquantes" style:family="paragraph" style:parent-style-name="Standard" style:master-page-name="">
			<style:paragraph-properties fo:margin-top="0.1cm"/>
			<style:text-properties fo:font-style="italic"/>
		</style:style>		
		
		
		
		<style:style style:name="DICO-VariableRepresentationTexte" style:family="paragraph" style:parent-style-name="DICO-VariableRepresentationEntetes" style:master-page-name="">
		</style:style>
		
		<style:style style:name="DICO-VariableRepresentationTexteMinimum" style:family="paragraph" style:parent-style-name="DICO-VariableRepresentationContenu" style:master-page-name="">
		</style:style>
		
		<style:style style:name="DICO-VariableRepresentationTexteMaximum" style:family="paragraph" style:parent-style-name="DICO-VariableRepresentationContenu" style:master-page-name="">
		</style:style>
		
		<style:style style:name="DICO-VariableRepresentationTexteExpressionReguliere" style:family="paragraph" style:parent-style-name="DICO-VariableRepresentationContenu" style:master-page-name="">
		</style:style>
		
		
		
		<style:style style:name="DICO-VariableRepresentationNombre" style:family="paragraph" style:parent-style-name="DICO-VariableRepresentationEntetes" style:master-page-name="">
		</style:style>
		
		<style:style style:name="DICO-VariableRepresentationNombreFormat" style:family="paragraph" style:parent-style-name="DICO-VariableRepresentationContenu" style:master-page-name="">
		</style:style>
		
		<style:style style:name="DICO-VariableRepresentationNombreMinimum" style:family="paragraph" style:parent-style-name="DICO-VariableRepresentationContenu" style:master-page-name="">
		</style:style>
		
		<style:style style:name="DICO-VariableRepresentationNombreMaximum" style:family="paragraph" style:parent-style-name="DICO-VariableRepresentationContenu" style:master-page-name="">
		</style:style>
		
		<style:style style:name="DICO-VariableRepresentationNombreEchelle" style:family="paragraph" style:parent-style-name="DICO-VariableRepresentationContenu" style:master-page-name="">
		</style:style>
		
		
		
		<style:style style:name="DICO-VariableRepresentationDate" style:family="paragraph" style:parent-style-name="DICO-VariableRepresentationEntetes" style:master-page-name="">
		</style:style>
		
		<style:style style:name="DICO-VariableRepresentationDateFormat" style:family="paragraph" style:parent-style-name="DICO-VariableRepresentationContenu" style:master-page-name="">
		</style:style>
		
		
		
		<style:style style:name="DICO-VariableRepresentationListeDeCodeModalite" style:family="paragraph" style:parent-style-name="DICO-VariableRepresentationContenu" style:master-page-name="">
		</style:style>
		
		<style:style style:name="DICO-VariableRepresentationListeDeCodeLibelle" style:family="paragraph" style:parent-style-name="DICO-VariableRepresentationContenu" style:master-page-name="">
		</style:style>	

		<style:style style:name="DICO-VariableRepresentationListeDeCodeDescription" style:family="paragraph" style:parent-style-name="DICO-VariableRepresentationContenu" style:master-page-name="">
			<style:text-properties fo:font-size="80%" fo:font-style="italic"/>
		</style:style>		



		<text:notes-configuration text:note-class="footnote" style:num-format="1" text:start-value="0" text:footnotes-position="page" text:start-numbering-at="document"/>
		<text:notes-configuration text:note-class="endnote" style:num-format="i" text:start-value="0"/>
		<text:linenumbering-configuration text:number-lines="false" text:offset="0.499cm" style:num-format="1" text:number-position="left" text:increment="5"/>
	<style:style style:name="Heading_20_5" style:display-name="Heading 5" style:family="paragraph" style:parent-style-name="Heading" style:next-style-name="Text_20_body" style:default-outline-level="5" style:class="text"><style:text-properties fo:font-size="85%" fo:font-weight="bold" /></style:style><style:style style:name="Heading_20_6" style:display-name="Heading 6" style:family="paragraph" style:parent-style-name="Heading" style:next-style-name="Text_20_body" style:default-outline-level="6" style:class="text"><style:text-properties fo:font-size="75%" fo:font-weight="bold"  fo:font-style="italic" /></style:style><style:style style:name="XDocReport_EmptyText" style:family="text"><style:text-properties /></style:style><style:style style:name="XDocReport_Bold" style:family="text"><style:text-properties fo:font-weight="bold"/></style:style><style:style style:name="XDocReport_Italic" style:family="text"><style:text-properties fo:font-style="italic"/></style:style><style:style style:name="XDocReport_Underline" style:family="text"><style:text-properties style:text-underline-style="solid" style:text-underline-width="auto" style:text-underline-color="font-color"/></style:style><style:style style:name="XDocReport_Strike" style:family="text"><style:text-properties style:text-line-through-style="solid" style:text-underline-style="none"/></style:style><style:style style:name="XDocReport_Subscript" style:family="text"><style:text-properties style:text-position="sub"/></style:style><style:style style:name="XDocReport_Superscript" style:family="text"><style:text-properties style:text-position="super"/></style:style><style:style style:name="XDocReport_ParaBreakBefore" style:family="paragraph" ><style:paragraph-properties fo:break-before="page" /></style:style><style:style style:name="XDocReport_ParaBreakAfter" style:family="paragraph" ><style:paragraph-properties fo:break-after="page" /></style:style><style:style style:name="XDocReport_OL_P" style:family="paragraph" style:parent-style-name="Standard" style:list-style-name="XDocReport_OL"/><text:list-style style:name="XDocReport_OL"><text:list-level-style-number text:level="1" text:style-name="Numbering_20_Symbols" style:num-suffix="." style:num-format="1"><style:list-level-properties text:list-level-position-and-space-mode="label-alignment"><style:list-level-label-alignment text:label-followed-by="listtab"  text:list-tab-stop-position="1.27cm" fo:text-indent="-0.635cm" fo:margin-left="1.27cm"/></style:list-level-properties></text:list-level-style-number><text:list-level-style-number text:level="2" text:style-name="Numbering_20_Symbols" style:num-suffix="." style:num-format="1"><style:list-level-properties text:list-level-position-and-space-mode="label-alignment"><style:list-level-label-alignment text:label-followed-by="listtab"  text:list-tab-stop-position="1.905cm" fo:text-indent="-0.635cm" fo:margin-left="1.905cm"/></style:list-level-properties></text:list-level-style-number><text:list-level-style-number text:level="3" text:style-name="Numbering_20_Symbols" style:num-suffix="." style:num-format="1"><style:list-level-properties text:list-level-position-and-space-mode="label-alignment"><style:list-level-label-alignment text:label-followed-by="listtab"  text:list-tab-stop-position="2.54cm" fo:text-indent="-0.635cm" fo:margin-left="2.54cm"/></style:list-level-properties></text:list-level-style-number><text:list-level-style-number text:level="4" text:style-name="Numbering_20_Symbols" style:num-suffix="." style:num-format="1"><style:list-level-properties text:list-level-position-and-space-mode="label-alignment"><style:list-level-label-alignment text:label-followed-by="listtab"  text:list-tab-stop-position="3.175cm" fo:text-indent="-0.635cm" fo:margin-left="3.175cm"/></style:list-level-properties></text:list-level-style-number><text:list-level-style-number text:level="5" text:style-name="Numbering_20_Symbols" style:num-suffix="." style:num-format="1"><style:list-level-properties text:list-level-position-and-space-mode="label-alignment"><style:list-level-label-alignment text:label-followed-by="listtab"  text:list-tab-stop-position="3.81cm" fo:text-indent="-0.635cm" fo:margin-left="3.81cm"/></style:list-level-properties></text:list-level-style-number><text:list-level-style-number text:level="6" text:style-name="Numbering_20_Symbols" style:num-suffix="." style:num-format="1"><style:list-level-properties text:list-level-position-and-space-mode="label-alignment"><style:list-level-label-alignment text:label-followed-by="listtab"  text:list-tab-stop-position="4.445cm" fo:text-indent="-0.635cm" fo:margin-left="4.445cm"/></style:list-level-properties></text:list-level-style-number><text:list-level-style-number text:level="7" text:style-name="Numbering_20_Symbols" style:num-suffix="." style:num-format="1"><style:list-level-properties text:list-level-position-and-space-mode="label-alignment"><style:list-level-label-alignment text:label-followed-by="listtab"  text:list-tab-stop-position="5.08cm" fo:text-indent="-0.635cm" fo:margin-left="5.08cm"/></style:list-level-properties></text:list-level-style-number><text:list-level-style-number text:level="8" text:style-name="Numbering_20_Symbols" style:num-suffix="." style:num-format="1"><style:list-level-properties text:list-level-position-and-space-mode="label-alignment"><style:list-level-label-alignment text:label-followed-by="listtab"  text:list-tab-stop-position="5.715cm" fo:text-indent="-0.635cm" fo:margin-left="5.715cm"/></style:list-level-properties></text:list-level-style-number><text:list-level-style-number text:level="9" text:style-name="Numbering_20_Symbols" style:num-suffix="." style:num-format="1"><style:list-level-properties text:list-level-position-and-space-mode="label-alignment"><style:list-level-label-alignment text:label-followed-by="listtab"  text:list-tab-stop-position="6.35cm" fo:text-indent="-0.635cm" fo:margin-left="6.35cm"/></style:list-level-properties></text:list-level-style-number><text:list-level-style-number text:level="10" text:style-name="Numbering_20_Symbols" style:num-suffix="." style:num-format="1"><style:list-level-properties text:list-level-position-and-space-mode="label-alignment"><style:list-level-label-alignment text:label-followed-by="listtab"  text:list-tab-stop-position="6.985cm" fo:text-indent="-0.635cm" fo:margin-left="6.985cm"/></style:list-level-properties></text:list-level-style-number></text:list-style><style:style style:name="XDocReport_UL_P" style:family="paragraph" style:parent-style-name="Standard" style:list-style-name="XDocReport_UL"/><text:list-style style:name="XDocReport_UL"><text:list-level-style-bullet text:level="1" text:style-name="Bullet_20_Symbols" style:num-suffix="." text:bullet-char="•"><style:list-level-properties text:list-level-position-and-space-mode="label-alignment"><style:list-level-label-alignment text:label-followed-by="listtab"  text:list-tab-stop-position="1.27cm" fo:text-indent="-0.635cm" fo:margin-left="1.27cm"/></style:list-level-properties></text:list-level-style-bullet><text:list-level-style-bullet text:level="2" text:style-name="Bullet_20_Symbols" style:num-suffix="." text:bullet-char="◦"><style:list-level-properties text:list-level-position-and-space-mode="label-alignment"><style:list-level-label-alignment text:label-followed-by="listtab"  text:list-tab-stop-position="1.905cm" fo:text-indent="-0.635cm" fo:margin-left="1.905cm"/></style:list-level-properties></text:list-level-style-bullet><text:list-level-style-bullet text:level="3" text:style-name="Bullet_20_Symbols" style:num-suffix="." text:bullet-char="▪"><style:list-level-properties text:list-level-position-and-space-mode="label-alignment"><style:list-level-label-alignment text:label-followed-by="listtab"  text:list-tab-stop-position="2.54cm" fo:text-indent="-0.635cm" fo:margin-left="2.54cm"/></style:list-level-properties></text:list-level-style-bullet><text:list-level-style-bullet text:level="4" text:style-name="Bullet_20_Symbols" style:num-suffix="." text:bullet-char="•"><style:list-level-properties text:list-level-position-and-space-mode="label-alignment"><style:list-level-label-alignment text:label-followed-by="listtab"  text:list-tab-stop-position="3.175cm" fo:text-indent="-0.635cm" fo:margin-left="3.175cm"/></style:list-level-properties></text:list-level-style-bullet><text:list-level-style-bullet text:level="5" text:style-name="Bullet_20_Symbols" style:num-suffix="." text:bullet-char="◦"><style:list-level-properties text:list-level-position-and-space-mode="label-alignment"><style:list-level-label-alignment text:label-followed-by="listtab"  text:list-tab-stop-position="3.81cm" fo:text-indent="-0.635cm" fo:margin-left="3.81cm"/></style:list-level-properties></text:list-level-style-bullet><text:list-level-style-bullet text:level="6" text:style-name="Bullet_20_Symbols" style:num-suffix="." text:bullet-char="▪"><style:list-level-properties text:list-level-position-and-space-mode="label-alignment"><style:list-level-label-alignment text:label-followed-by="listtab"  text:list-tab-stop-position="4.445cm" fo:text-indent="-0.635cm" fo:margin-left="4.445cm"/></style:list-level-properties></text:list-level-style-bullet><text:list-level-style-bullet text:level="7" text:style-name="Bullet_20_Symbols" style:num-suffix="." text:bullet-char="•"><style:list-level-properties text:list-level-position-and-space-mode="label-alignment"><style:list-level-label-alignment text:label-followed-by="listtab"  text:list-tab-stop-position="5.08cm" fo:text-indent="-0.635cm" fo:margin-left="5.08cm"/></style:list-level-properties></text:list-level-style-bullet><text:list-level-style-bullet text:level="8" text:style-name="Bullet_20_Symbols" style:num-suffix="." text:bullet-char="◦"><style:list-level-properties text:list-level-position-and-space-mode="label-alignment"><style:list-level-label-alignment text:label-followed-by="listtab"  text:list-tab-stop-position="5.715cm" fo:text-indent="-0.635cm" fo:margin-left="5.715cm"/></style:list-level-properties></text:list-level-style-bullet><text:list-level-style-bullet text:level="9" text:style-name="Bullet_20_Symbols" style:num-suffix="." text:bullet-char="▪"><style:list-level-properties text:list-level-position-and-space-mode="label-alignment"><style:list-level-label-alignment text:label-followed-by="listtab"  text:list-tab-stop-position="6.35cm" fo:text-indent="-0.635cm" fo:margin-left="6.35cm"/></style:list-level-properties></text:list-level-style-bullet><text:list-level-style-bullet text:level="10" text:style-name="Bullet_20_Symbols" style:num-suffix="." text:bullet-char="•"><style:list-level-properties text:list-level-position-and-space-mode="label-alignment"><style:list-level-label-alignment text:label-followed-by="listtab"  text:list-tab-stop-position="6.985cm" fo:text-indent="-0.635cm" fo:margin-left="6.985cm"/></style:list-level-properties></text:list-level-style-bullet></text:list-style></office:styles>
	<office:automatic-styles>
		<style:page-layout style:name="Mpm1">
		<style:page-layout-properties style:num-format="1" style:print-orientation="portrait" fo:margin-top="2cm" fo:margin-bottom="2cm" fo:margin-left="2cm" fo:margin-right="2cm" style:writing-mode="lr-tb" style:footnote-max-height="0cm">
		<style:footnote-sep style:width="0.018cm" style:distance-before-sep="0.101cm" style:distance-after-sep="0.101cm" style:adjustment="left" style:rel-width="25%" style:color="#000000"/>
		</style:page-layout-properties>
		<style:header-style/>
		<style:footer-style/>
		</style:page-layout>
	</office:automatic-styles>
	<office:master-styles>
		<style:master-page style:name="Standard" style:page-layout-name="Mpm1"/>
	</office:master-styles>
</office:document-styles>