<?xml version="1.0" encoding="UTF-8"?>
<office:document-meta xmlns:grddl="http://www.w3.org/2003/g/data-view#" xmlns:meta="urn:oasis:names:tc:opendocument:xmlns:meta:1.0" xmlns:office="urn:oasis:names:tc:opendocument:xmlns:office:1.0" xmlns:ooo="http://openoffice.org/2004/office" xmlns:xlink="http://www.w3.org/1999/xlink" xmlns:dc="http://purl.org/dc/elements/1.1/" office:version="1.3"><office:meta><meta:initial-creator>Christophe Yon</meta:initial-creator><meta:creation-date>2022-07-05T09:32:35.737000000</meta:creation-date><meta:generator>LibreOffice/7.2.6.2$Windows_X86_64 LibreOffice_project/b0ec3a565991f7569a5a7f5d24fed7f52653d754</meta:generator><dc:date>2022-07-05T11:57:06.468000000</dc:date><dc:creator>Christophe Yon</dc:creator><meta:editing-duration>PT2H24M19S</meta:editing-duration><meta:editing-cycles>24</meta:editing-cycles><meta:document-statistic meta:table-count="0" meta:image-count="0" meta:object-count="0" meta:page-count="23" meta:paragraph-count="792" meta:word-count="9074" meta:character-count="62430" meta:non-whitespace-character-count="54185"/></office:meta></office:document-meta>