<?xml version="1.0" encoding="UTF-8"?>
<office:document-meta xmlns:meta="urn:oasis:names:tc:opendocument:xmlns:meta:1.0" xmlns:office="urn:oasis:names:tc:opendocument:xmlns:office:1.0" xmlns:grddl="http://www.w3.org/2003/g/data-view#" xmlns:ooo="http://openoffice.org/2004/office" xmlns:xlink="http://www.w3.org/1999/xlink" xmlns:dc="http://purl.org/dc/elements/1.1/" office:version="1.2"><office:meta><meta:generator>LibreOffice/6.4.7.2$Windows_X86_64 LibreOffice_project/639b8ac485750d5696d7590a72ef1b496725cfb5</meta:generator><dc:date>2021-06-15T10:03:46.177000000</dc:date><dc:creator>François Bulot</dc:creator><meta:editing-duration>PT21M58S</meta:editing-duration><meta:editing-cycles>7</meta:editing-cycles><meta:document-statistic meta:table-count="13" meta:image-count="1" meta:object-count="0" meta:page-count="3" meta:paragraph-count="35" meta:word-count="375" meta:character-count="2427" meta:non-whitespace-character-count="2087"/></office:meta></office:document-meta>