<?xml version="1.0" encoding="UTF-8"?>
<office:document-meta xmlns:grddl="http://www.w3.org/2003/g/data-view#" xmlns:meta="urn:oasis:names:tc:opendocument:xmlns:meta:1.0" xmlns:office="urn:oasis:names:tc:opendocument:xmlns:office:1.0" xmlns:ooo="http://openoffice.org/2004/office" xmlns:xlink="http://www.w3.org/1999/xlink" xmlns:dc="http://purl.org/dc/elements/1.1/" office:version="1.3"><office:meta><meta:generator>LibreOffice/7.2.6.2$Windows_X86_64 LibreOffice_project/b0ec3a565991f7569a5a7f5d24fed7f52653d754</meta:generator><dc:date>2022-07-05T08:25:20.565000000</dc:date><dc:creator>Christophe Yon</dc:creator><meta:editing-duration>PT11H2M52S</meta:editing-duration><meta:editing-cycles>18</meta:editing-cycles><meta:document-statistic meta:table-count="1" meta:cell-count="902" meta:object-count="0"/></office:meta></office:document-meta>