<?xml version="1.0" encoding="UTF-8"?>
<office:document-styles xmlns:meta="urn:oasis:names:tc:opendocument:xmlns:meta:1.0" xmlns:office="urn:oasis:names:tc:opendocument:xmlns:office:1.0" xmlns:fo="urn:oasis:names:tc:opendocument:xmlns:xsl-fo-compatible:1.0" xmlns:ooo="http://openoffice.org/2004/office" xmlns:xlink="http://www.w3.org/1999/xlink" xmlns:dc="http://purl.org/dc/elements/1.1/" xmlns:style="urn:oasis:names:tc:opendocument:xmlns:style:1.0" xmlns:text="urn:oasis:names:tc:opendocument:xmlns:text:1.0" xmlns:draw="urn:oasis:names:tc:opendocument:xmlns:drawing:1.0" xmlns:dr3d="urn:oasis:names:tc:opendocument:xmlns:dr3d:1.0" xmlns:svg="urn:oasis:names:tc:opendocument:xmlns:svg-compatible:1.0" xmlns:chart="urn:oasis:names:tc:opendocument:xmlns:chart:1.0" xmlns:rpt="http://openoffice.org/2005/report" xmlns:table="urn:oasis:names:tc:opendocument:xmlns:table:1.0" xmlns:number="urn:oasis:names:tc:opendocument:xmlns:datastyle:1.0" xmlns:ooow="http://openoffice.org/2004/writer" xmlns:oooc="http://openoffice.org/2004/calc" xmlns:of="urn:oasis:names:tc:opendocument:xmlns:of:1.2" xmlns:tableooo="http://openoffice.org/2009/table" xmlns:calcext="urn:org:documentfoundation:names:experimental:calc:xmlns:calcext:1.0" xmlns:drawooo="http://openoffice.org/2010/draw" xmlns:loext="urn:org:documentfoundation:names:experimental:office:xmlns:loext:1.0" xmlns:field="urn:openoffice:names:experimental:ooo-ms-interop:xmlns:field:1.0" xmlns:math="http://www.w3.org/1998/Math/MathML" xmlns:form="urn:oasis:names:tc:opendocument:xmlns:form:1.0" xmlns:script="urn:oasis:names:tc:opendocument:xmlns:script:1.0" xmlns:dom="http://www.w3.org/2001/xml-events" xmlns:xhtml="http://www.w3.org/1999/xhtml" xmlns:grddl="http://www.w3.org/2003/g/data-view#" xmlns:css3t="http://www.w3.org/TR/css3-text/" xmlns:presentation="urn:oasis:names:tc:opendocument:xmlns:presentation:1.0" office:version="1.3"><office:font-face-decls><style:font-face style:name="Arial" svg:font-family="Arial" style:font-family-generic="system" style:font-pitch="variable"/><style:font-face style:name="Liberation Sans" svg:font-family="&apos;Liberation Sans&apos;" style:font-family-generic="swiss" style:font-pitch="variable"/><style:font-face style:name="Microsoft YaHei" svg:font-family="&apos;Microsoft YaHei&apos;" style:font-family-generic="system" style:font-pitch="variable"/></office:font-face-decls><office:styles><style:default-style style:family="table-cell"><style:paragraph-properties style:tab-stop-distance="1.25cm"/><style:text-properties style:font-name="Liberation Sans" fo:font-size="10pt" fo:language="fr" fo:country="FR" style:font-name-asian="Microsoft YaHei" style:font-size-asian="10pt" style:language-asian="zh" style:country-asian="CN" style:font-name-complex="Arial" style:font-size-complex="10pt" style:language-complex="hi" style:country-complex="IN"/></style:default-style><number:number-style style:name="N0"><number:number number:min-integer-digits="1"/></number:number-style><style:style style:name="Default" style:family="table-cell"/><style:style style:name="Heading" style:family="table-cell" style:parent-style-name="Default"><style:text-properties fo:color="#000000" fo:font-size="24pt" fo:font-style="normal" fo:font-weight="bold" style:font-size-asian="24pt" style:font-style-asian="normal" style:font-weight-asian="bold" style:font-size-complex="24pt" style:font-style-complex="normal" style:font-weight-complex="bold"/></style:style><style:style style:name="Heading_20_1" style:display-name="Heading 1" style:family="table-cell" style:parent-style-name="Heading"><style:text-properties fo:color="#600140" fo:font-size="18pt" fo:font-style="normal" fo:font-weight="bold" style:font-size-asian="18pt" style:font-style-asian="normal" style:font-weight-asian="normal" style:font-size-complex="18pt" style:font-style-complex="normal" style:font-weight-complex="normal"/></style:style><style:style style:name="Heading_20_2" style:display-name="Heading 2" style:family="table-cell" style:parent-style-name="Heading"><style:text-properties fo:color="#000000" fo:font-size="12pt" fo:font-style="normal" fo:font-weight="normal" style:font-size-asian="12pt" style:font-style-asian="normal" style:font-weight-asian="normal" style:font-size-complex="12pt" style:font-style-complex="normal" style:font-weight-complex="normal"/></style:style><style:style style:name="Text" style:family="table-cell" style:parent-style-name="Default"/><style:style style:name="Note" style:family="table-cell" style:parent-style-name="Text"><style:table-cell-properties fo:background-color="#ffffcc" style:diagonal-bl-tr="none" style:diagonal-tl-br="none" fo:border="0.74pt solid #808080"/><style:text-properties fo:color="#333333" fo:font-size="10pt" fo:font-style="normal" fo:font-weight="normal" style:font-size-asian="10pt" style:font-style-asian="normal" style:font-weight-asian="normal" style:font-size-complex="10pt" style:font-style-complex="normal" style:font-weight-complex="normal"/></style:style><style:style style:name="Footnote" style:family="table-cell" style:parent-style-name="Text"><style:text-properties fo:color="#808080" fo:font-size="10pt" fo:font-style="italic" fo:font-weight="normal" style:font-size-asian="10pt" style:font-style-asian="italic" style:font-weight-asian="normal" style:font-size-complex="10pt" style:font-style-complex="italic" style:font-weight-complex="normal"/></style:style><style:style style:name="Hyperlink" style:family="table-cell" style:parent-style-name="Text"><style:text-properties fo:color="#0000ee" fo:font-size="10pt" fo:font-style="normal" style:text-underline-style="solid" style:text-underline-width="auto" style:text-underline-color="#0000ee" fo:font-weight="normal" style:font-size-asian="10pt" style:font-style-asian="normal" style:font-weight-asian="normal" style:font-size-complex="10pt" style:font-style-complex="normal" style:font-weight-complex="normal"/></style:style><style:style style:name="Status" style:family="table-cell" style:parent-style-name="Default"/><style:style style:name="Good" style:family="table-cell" style:parent-style-name="Status"><style:table-cell-properties fo:background-color="#a96d88"/><style:text-properties fo:color="#600140" fo:font-size="10pt" fo:font-style="normal" fo:font-weight="normal" style:font-size-asian="10pt" style:font-style-asian="normal" style:font-weight-asian="normal" style:font-size-complex="10pt" style:font-style-complex="normal" style:font-weight-complex="normal"/></style:style><style:style style:name="Neutral" style:family="table-cell" style:parent-style-name="Status"><style:table-cell-properties fo:background-color="#ffffcc"/><style:text-properties fo:color="#996600" fo:font-size="10pt" fo:font-style="normal" fo:font-weight="normal" style:font-size-asian="10pt" style:font-style-asian="normal" style:font-weight-asian="normal" style:font-size-complex="10pt" style:font-style-complex="normal" style:font-weight-complex="normal"/></style:style><style:style style:name="Bad" style:family="table-cell" style:parent-style-name="Status"><style:table-cell-properties fo:background-color="#ffcccc"/><style:text-properties fo:color="#cc0000" fo:font-size="10pt" fo:font-style="normal" fo:font-weight="normal" style:font-size-asian="10pt" style:font-style-asian="normal" style:font-weight-asian="normal" style:font-size-complex="10pt" style:font-style-complex="normal" style:font-weight-complex="normal"/></style:style><style:style style:name="Warning" style:family="table-cell" style:parent-style-name="Status"><style:text-properties fo:color="#cc0000" fo:font-size="10pt" fo:font-style="normal" fo:font-weight="normal" style:font-size-asian="10pt" style:font-style-asian="normal" style:font-weight-asian="normal" style:font-size-complex="10pt" style:font-style-complex="normal" style:font-weight-complex="normal"/></style:style><style:style style:name="Error" style:family="table-cell" style:parent-style-name="Status"><style:table-cell-properties fo:background-color="#cc0000"/><style:text-properties fo:color="#ffffff" fo:font-size="10pt" fo:font-style="normal" fo:font-weight="bold" style:font-size-asian="10pt" style:font-style-asian="normal" style:font-weight-asian="bold" style:font-size-complex="10pt" style:font-style-complex="normal" style:font-weight-complex="bold"/></style:style><style:style style:name="Accent" style:family="table-cell" style:parent-style-name="Default"><style:text-properties fo:color="#000000" fo:font-size="10pt" fo:font-style="normal" fo:font-weight="bold" style:font-size-asian="10pt" style:font-style-asian="normal" style:font-weight-asian="bold" style:font-size-complex="10pt" style:font-style-complex="normal" style:font-weight-complex="bold"/></style:style><style:style style:name="Accent_20_1" style:display-name="Accent 1" style:family="table-cell" style:parent-style-name="Accent"><style:table-cell-properties fo:background-color="#000000"/><style:text-properties fo:color="#ffffff" fo:font-size="10pt" fo:font-style="normal" fo:font-weight="normal" style:font-size-asian="10pt" style:font-style-asian="normal" style:font-weight-asian="normal" style:font-size-complex="10pt" style:font-style-complex="normal" style:font-weight-complex="normal"/></style:style><style:style style:name="Accent_20_2" style:display-name="Accent 2" style:family="table-cell" style:parent-style-name="Accent"><style:table-cell-properties fo:background-color="#808080"/><style:text-properties fo:color="#ffffff" fo:font-size="10pt" fo:font-style="normal" fo:font-weight="normal" style:font-size-asian="10pt" style:font-style-asian="normal" style:font-weight-asian="normal" style:font-size-complex="10pt" style:font-style-complex="normal" style:font-weight-complex="normal"/></style:style><style:style style:name="Accent_20_3" style:display-name="Accent 3" style:family="table-cell" style:parent-style-name="Accent"><style:table-cell-properties fo:background-color="#dddddd"/></style:style><style:style style:name="Result" style:family="table-cell" style:parent-style-name="Default"><style:text-properties fo:color="#000000" fo:font-size="10pt" fo:font-style="italic" style:text-underline-style="solid" style:text-underline-width="auto" style:text-underline-color="#000000" fo:font-weight="bold" style:font-size-asian="10pt" style:font-style-asian="italic" style:font-weight-asian="bold" style:font-size-complex="10pt" style:font-style-complex="italic" style:font-weight-complex="bold"/></style:style><style:style style:name="TitreConcept" style:family="table-cell" style:parent-style-name="Default"><style:table-cell-properties fo:background-color="#600140" fo:padding-bottom="0.035cm" fo:padding-left="0.035cm" fo:padding-right="0.3cm" fo:padding-top="0.035cm"/><style:text-properties fo:font-weight="bold" style:font-weight-asian="bold" style:font-weight-complex="bold"/></style:style></office:styles><office:automatic-styles><number:number-style style:name="N2"><number:number number:decimal-places="2" number:min-decimal-places="2" number:min-integer-digits="1"/></number:number-style><style:page-layout style:name="Mpm1"><style:page-layout-properties style:writing-mode="lr-tb"/><style:header-style><style:header-footer-properties fo:min-height="0.75cm" fo:margin-left="0cm" fo:margin-right="0cm" fo:margin-bottom="0.25cm"/></style:header-style><style:footer-style><style:header-footer-properties fo:min-height="0.75cm" fo:margin-left="0cm" fo:margin-right="0cm" fo:margin-top="0.25cm"/></style:footer-style></style:page-layout><style:page-layout style:name="Mpm2"><style:page-layout-properties style:writing-mode="lr-tb"/><style:header-style><style:header-footer-properties fo:min-height="0.75cm" fo:margin-left="0cm" fo:margin-right="0cm" fo:margin-bottom="0.25cm" fo:border="2.49pt solid #000000" fo:padding="0.018cm" fo:background-color="#c0c0c0"><style:background-image/></style:header-footer-properties></style:header-style><style:footer-style><style:header-footer-properties fo:min-height="0.75cm" fo:margin-left="0cm" fo:margin-right="0cm" fo:margin-top="0.25cm" fo:border="2.49pt solid #000000" fo:padding="0.018cm" fo:background-color="#c0c0c0"><style:background-image/></style:header-footer-properties></style:footer-style></style:page-layout></office:automatic-styles><office:master-styles><style:master-page style:name="Default" style:page-layout-name="Mpm1"><style:header><text:p><text:sheet-name>???</text:sheet-name></text:p></style:header><style:header-left style:display="false"/><style:header-first style:display="false"/><style:footer><text:p>Page <text:page-number>1</text:page-number></text:p></style:footer><style:footer-left style:display="false"/><style:footer-first style:display="false"/></style:master-page><style:master-page style:name="Report" style:page-layout-name="Mpm2"><style:header><style:region-left><text:p><text:sheet-name>???</text:sheet-name><text:s/>(<text:title>???</text:title>)</text:p></style:region-left><style:region-right><text:p><text:date style:data-style-name="N2" text:date-value="2022-07-05">00/00/0000</text:date>, <text:time style:data-style-name="N2" text:time-value="21:39:43.610000000">00:00:00</text:time></text:p></style:region-right></style:header><style:header-left style:display="false"/><style:header-first style:display="false"/><style:footer><text:p>Page <text:page-number>1</text:page-number><text:s/>/ <text:page-count>99</text:page-count></text:p></style:footer><style:footer-left style:display="false"/><style:footer-first style:display="false"/></style:master-page></office:master-styles></office:document-styles>