<?xml version="1.0" encoding="UTF-8"?>
<office:document-content xmlns:meta="urn:oasis:names:tc:opendocument:xmlns:meta:1.0" xmlns:office="urn:oasis:names:tc:opendocument:xmlns:office:1.0" xmlns:draw="urn:oasis:names:tc:opendocument:xmlns:drawing:1.0" xmlns:ooo="http://openoffice.org/2004/office" xmlns:fo="urn:oasis:names:tc:opendocument:xmlns:xsl-fo-compatible:1.0" xmlns:xlink="http://www.w3.org/1999/xlink" xmlns:dc="http://purl.org/dc/elements/1.1/" xmlns:style="urn:oasis:names:tc:opendocument:xmlns:style:1.0" xmlns:text="urn:oasis:names:tc:opendocument:xmlns:text:1.0" xmlns:dr3d="urn:oasis:names:tc:opendocument:xmlns:dr3d:1.0" xmlns:svg="urn:oasis:names:tc:opendocument:xmlns:svg-compatible:1.0" xmlns:chart="urn:oasis:names:tc:opendocument:xmlns:chart:1.0" xmlns:rpt="http://openoffice.org/2005/report" xmlns:table="urn:oasis:names:tc:opendocument:xmlns:table:1.0" xmlns:number="urn:oasis:names:tc:opendocument:xmlns:datastyle:1.0" xmlns:ooow="http://openoffice.org/2004/writer" xmlns:oooc="http://openoffice.org/2004/calc" xmlns:of="urn:oasis:names:tc:opendocument:xmlns:of:1.2" xmlns:css3t="http://www.w3.org/TR/css3-text/" xmlns:tableooo="http://openoffice.org/2009/table" xmlns:calcext="urn:org:documentfoundation:names:experimental:calc:xmlns:calcext:1.0" xmlns:drawooo="http://openoffice.org/2010/draw" xmlns:loext="urn:org:documentfoundation:names:experimental:office:xmlns:loext:1.0" xmlns:grddl="http://www.w3.org/2003/g/data-view#" xmlns:field="urn:openoffice:names:experimental:ooo-ms-interop:xmlns:field:1.0" xmlns:math="http://www.w3.org/1998/Math/MathML" xmlns:form="urn:oasis:names:tc:opendocument:xmlns:form:1.0" xmlns:script="urn:oasis:names:tc:opendocument:xmlns:script:1.0" xmlns:dom="http://www.w3.org/2001/xml-events" xmlns:xforms="http://www.w3.org/2002/xforms" xmlns:xsd="http://www.w3.org/2001/XMLSchema" xmlns:xsi="http://www.w3.org/2001/XMLSchema-instance" xmlns:formx="urn:openoffice:names:experimental:ooxml-odf-interop:xmlns:form:1.0" xmlns:xhtml="http://www.w3.org/1999/xhtml" xmlns:officeooo="http://openoffice.org/2009/office" office:version="1.2"><office:scripts/><office:font-face-decls><style:font-face style:name="Arial1" svg:font-family="Arial" style:font-family-generic="swiss"/><style:font-face style:name="Liberation Serif" svg:font-family="&apos;Liberation Serif&apos;" style:font-family-generic="roman" style:font-pitch="variable"/><style:font-face style:name="Liberation Sans" svg:font-family="&apos;Liberation Sans&apos;" style:font-family-generic="swiss" style:font-pitch="variable"/><style:font-face style:name="Arial" svg:font-family="Arial" style:font-family-generic="system" style:font-pitch="variable"/><style:font-face style:name="Microsoft YaHei" svg:font-family="&apos;Microsoft YaHei&apos;" style:font-family-generic="system" style:font-pitch="variable"/><style:font-face style:name="NSimSun" svg:font-family="NSimSun" style:font-family-generic="system" style:font-pitch="variable"/></office:font-face-decls><office:automatic-styles><style:style style:name="SeriesTitle" style:family="table"><style:table-properties style:width="17cm" table:align="margins"/></style:style><style:style style:name="SeriesTitle.A" style:family="table-column"><style:table-column-properties style:column-width="17cm" style:rel-column-width="65535*"/></style:style><style:style style:name="OperationTitle" style:family="table"><style:table-properties style:width="17cm" table:align="margins"/></style:style><style:style style:name="OperationTitle.A" style:family="table-column"><style:table-column-properties style:column-width="17cm" style:rel-column-width="65535*"/></style:style><style:style style:name="IndicatorTitle" style:family="table"><style:table-properties style:width="17cm" table:align="margins"/></style:style><style:style style:name="IndicatorTitle.A" style:family="table-column"><style:table-column-properties style:column-width="17cm" style:rel-column-width="65535*"/></style:style><style:style style:name="TableauSeriesHead" style:family="table"><style:table-properties style:width="17cm" table:align="margins"/></style:style><style:style style:name="TableauSeriesHead.A" style:family="table-column"><style:table-column-properties style:column-width="17cm" style:rel-column-width="65535*"/></style:style><style:style style:name="TableauIndicatorHead" style:family="table"><style:table-properties style:width="17cm" table:align="margins"/></style:style><style:style style:name="TableauIndicatorHead.A" style:family="table-column"><style:table-column-properties style:column-width="17cm" style:rel-column-width="65535*"/></style:style><style:style style:name="TableauSeries" style:family="table"><style:table-properties style:width="17cm" table:align="margins"/></style:style><style:style style:name="TableauSeries.A" style:family="table-column"><style:table-column-properties style:column-width="8.243cm" style:rel-column-width="31776*"/></style:style><style:style style:name="TableauSeries.B" style:family="table-column"><style:table-column-properties style:column-width="0.513cm" style:rel-column-width="1982*"/></style:style><style:style style:name="TableauSeries.C" style:family="table-column"><style:table-column-properties style:column-width="8.243cm" style:rel-column-width="31777*"/></style:style><style:style style:name="TableauSeries.A1" style:family="table-cell"><style:table-cell-properties style:vertical-align="top" fo:padding="0cm" fo:border="2pt solid #234ca5" fo:wrap-option="wrap" style:shrink-to-fit="false"/></style:style><style:style style:name="Tableau1" style:family="table"><style:table-properties style:width="17cm" table:align="margins"/></style:style><style:style style:name="Tableau1.A" style:family="table-column"><style:table-column-properties style:column-width="17cm" style:rel-column-width="65535*"/></style:style><style:style style:name="TableauIndicator" style:family="table"><style:table-properties style:width="17cm" table:align="margins"/></style:style><style:style style:name="TableauIndicator.A" style:family="table-column"><style:table-column-properties style:column-width="8.243cm" style:rel-column-width="31776*"/></style:style><style:style style:name="TableauIndicator.B" style:family="table-column"><style:table-column-properties style:column-width="0.513cm" style:rel-column-width="1982*"/></style:style><style:style style:name="TableauIndicator.C" style:family="table-column"><style:table-column-properties style:column-width="8.243cm" style:rel-column-width="31777*"/></style:style><style:style style:name="TableauIndicator.A1" style:family="table-cell"><style:table-cell-properties style:vertical-align="top" fo:padding="0cm" fo:border="2pt solid #234ca5" fo:wrap-option="wrap" style:shrink-to-fit="false"/></style:style><style:style style:name="TableauOperation" style:family="table"><style:table-properties style:width="17cm" table:align="margins"/></style:style><style:style style:name="TableauOperation.A" style:family="table-column"><style:table-column-properties style:column-width="8.243cm" style:rel-column-width="31776*"/></style:style><style:style style:name="TableauOperation.B" style:family="table-column"><style:table-column-properties style:column-width="0.513cm" style:rel-column-width="1982*"/></style:style><style:style style:name="TableauOperation.C" style:family="table-column"><style:table-column-properties style:column-width="8.243cm" style:rel-column-width="31777*"/></style:style><style:style style:name="TableauOperation.A1" style:family="table-cell"><style:table-cell-properties style:vertical-align="top" fo:padding="0cm" fo:border="2pt solid #234ca5" fo:wrap-option="wrap" style:shrink-to-fit="false"/></style:style><style:style style:name="Tableau2" style:family="table"><style:table-properties style:width="17cm" table:align="margins"/></style:style><style:style style:name="Tableau2.A" style:family="table-column"><style:table-column-properties style:column-width="8.5cm" style:rel-column-width="32767*"/></style:style><style:style style:name="Tableau2.B" style:family="table-column"><style:table-column-properties style:column-width="8.5cm" style:rel-column-width="32768*"/></style:style><style:style style:name="Tableau3" style:family="table"><style:table-properties style:width="17cm" table:align="margins"/></style:style><style:style style:name="Tableau3.A" style:family="table-column"><style:table-column-properties style:column-width="8.5cm" style:rel-column-width="32767*"/></style:style><style:style style:name="Tableau3.B" style:family="table-column"><style:table-column-properties style:column-width="8.5cm" style:rel-column-width="32768*"/></style:style><style:style style:name="Tableau3.A1" style:family="table-cell"><style:table-cell-properties style:vertical-align="top" fo:padding="0cm" fo:border="2pt solid #234ca5" fo:wrap-option="wrap" style:shrink-to-fit="false"/></style:style><style:style style:name="P1" style:family="paragraph" style:parent-style-name="Standard"><style:paragraph-properties fo:margin-top="1cm" fo:margin-bottom="0cm" loext:contextual-spacing="false" fo:text-align="start" style:justify-single-word="false"/><style:text-properties fo:color="#000000" fo:font-size="12pt" fo:font-weight="normal"/></style:style><style:style style:name="P2" style:family="paragraph" style:parent-style-name="Standard"><loext:graphic-properties draw:fill="solid" draw:fill-color="#012a83" draw:opacity="100%"/><style:paragraph-properties fo:margin-top="1cm" fo:margin-bottom="0cm" loext:contextual-spacing="false" fo:text-align="center" style:justify-single-word="false" fo:background-color="#012a83"/><style:text-properties fo:color="#ffffff" fo:font-size="20pt" fo:font-weight="bold"/></style:style><style:style style:name="P3" style:family="paragraph" style:parent-style-name="Standard"><loext:graphic-properties draw:fill="solid" draw:fill-color="#012a83" draw:opacity="100%"/><style:paragraph-properties fo:margin-top="1cm" fo:margin-bottom="0cm" loext:contextual-spacing="false" fo:text-align="center" style:justify-single-word="false" fo:background-color="#012a83"/><style:text-properties fo:color="#ffffff" fo:font-size="14pt" fo:font-weight="bold"/></style:style><style:style style:name="P4" style:family="paragraph" style:parent-style-name="Standard"><style:paragraph-properties fo:margin-top="1cm" fo:margin-bottom="0cm" loext:contextual-spacing="false" fo:text-align="center" style:justify-single-word="false"/><style:text-properties fo:color="#0000ff" fo:font-size="20pt" fo:font-weight="bold"/></style:style><style:style style:name="P5" style:family="paragraph" style:parent-style-name="Standard"><style:paragraph-properties fo:margin-top="1cm" fo:margin-bottom="0cm" loext:contextual-spacing="false" fo:text-align="center" style:justify-single-word="false"/><style:text-properties fo:color="#0000ff" fo:font-size="16pt" fo:font-weight="bold"/></style:style><style:style style:name="P6" style:family="paragraph" style:parent-style-name="Standard"><style:paragraph-properties fo:margin-top="1cm" fo:margin-bottom="0cm" loext:contextual-spacing="false" fo:text-align="start" style:justify-single-word="false"/><style:text-properties fo:font-size="10pt" fo:font-weight="bold" style:font-size-asian="10pt" style:font-weight-asian="bold" style:font-size-complex="10pt" style:font-weight-complex="bold"/></style:style><style:style style:name="P7" style:family="paragraph" style:parent-style-name="Standard"><loext:graphic-properties draw:fill="solid" draw:fill-color="#234ca5" draw:opacity="100%"/><style:paragraph-properties fo:text-align="center" style:justify-single-word="false" fo:background-color="#234ca5"/><style:text-properties fo:color="#ffffff" fo:font-size="16pt" fo:font-weight="bold"/></style:style><style:style style:name="P8" style:family="paragraph" style:parent-style-name="Standard"><style:paragraph-properties fo:text-align="center" style:justify-single-word="false"/><style:text-properties fo:color="#234ca5" fo:font-size="14pt" fo:font-weight="bold" style:font-size-asian="14pt" style:font-size-complex="14pt" style:text-rotation-angle="0" style:text-rotation-scale="line-height"/></style:style><style:style style:name="P9" style:family="paragraph" style:parent-style-name="Standard"><style:paragraph-properties fo:text-align="center" style:justify-single-word="false"/><style:text-properties fo:color="#234ca5" fo:font-size="12pt" fo:font-weight="bold" style:font-size-asian="12pt" style:font-size-complex="12pt" style:text-rotation-angle="0" style:text-rotation-scale="line-height"/></style:style><style:style style:name="P10" style:family="paragraph" style:parent-style-name="Standard"><style:paragraph-properties fo:margin-left="0.33cm" fo:margin-right="0.33cm" fo:margin-top="0.15cm" fo:margin-bottom="0.15cm" loext:contextual-spacing="false" fo:line-height="100%" fo:text-align="start" style:justify-single-word="false" fo:text-indent="0cm" style:auto-text-indent="false" style:vertical-align="top"/><style:text-properties fo:font-size="10pt" style:font-size-asian="10pt" style:font-size-complex="10pt" style:text-rotation-angle="0" style:text-rotation-scale="line-height"/></style:style><style:style style:name="P11" style:family="paragraph" style:parent-style-name="Standard"><style:paragraph-properties fo:margin-left="0.15cm" fo:margin-right="0.15cm" fo:margin-top="0.33cm" fo:margin-bottom="0.15cm" loext:contextual-spacing="false" fo:text-align="start" style:justify-single-word="false" fo:text-indent="0cm" style:auto-text-indent="false"/><style:text-properties fo:color="#000000" fo:font-size="10pt" style:text-underline-style="solid" style:text-underline-width="auto" style:text-underline-color="font-color" fo:font-weight="bold"/></style:style><style:style style:name="T1" style:family="text"><style:text-properties fo:font-weight="bold" style:font-weight-asian="bold" style:font-weight-complex="bold"/></style:style><style:style style:name="T2" style:family="text"><style:text-properties fo:font-style="italic" fo:font-weight="normal" style:font-style-asian="italic" style:font-weight-asian="normal" style:font-style-complex="italic" style:font-weight-complex="normal"/></style:style><style:style style:name="Sect1" style:family="section"><style:section-properties style:editable="false"><style:columns fo:column-count="1" fo:column-gap="0cm"/></style:section-properties></style:style></office:automatic-styles><office:body><office:text text:use-soft-page-breaks="true"><text:sequence-decls><text:sequence-decl text:display-outline-level="0" text:name="Illustration"/><text:sequence-decl text:display-outline-level="0" text:name="Table"/><text:sequence-decl text:display-outline-level="0" text:name="Text"/><text:sequence-decl text:display-outline-level="0" text:name="Drawing"/><text:sequence-decl text:display-outline-level="0" text:name="Figure"/></text:sequence-decls><table:table table:name="SeriesTitle" table:style-name="SeriesTitle"><table:table-column table:style-name="SeriesTitle.A"/><table:table-row><table:table-cell office:value-type="string"><text:p text:style-name="P2">${series/prefLabelLg1}</text:p></table:table-cell></table:table-row><table:table-row><table:table-cell office:value-type="string"><text:p text:style-name="P7">${series/prefLabelLg2}</text:p></table:table-cell></table:table-row></table:table><table:table table:name="OperationTitle" table:style-name="OperationTitle"><table:table-column table:style-name="OperationTitle.A"/><table:table-row><table:table-cell office:value-type="string"><text:p text:style-name="P2">${operation/prefLabelLg1}</text:p></table:table-cell></table:table-row><table:table-row><table:table-cell office:value-type="string"><text:p text:style-name="P7">${operation/prefLabelLg2}</text:p></table:table-cell></table:table-row></table:table><table:table table:name="IndicatorTitle" table:style-name="IndicatorTitle"><table:table-column table:style-name="IndicatorTitle.A"/><table:table-row><table:table-cell office:value-type="string"><text:p text:style-name="P2">${indicator/prefLabelLg1}</text:p></table:table-cell></table:table-row><table:table-row><table:table-cell office:value-type="string"><text:p text:style-name="P7">${indicator/prefLabelLg2}</text:p></table:table-cell></table:table-row></table:table><table:table table:name="TableauSeriesHead" table:style-name="TableauSeriesHead"><table:table-column table:style-name="TableauSeriesHead.A"/><table:table-row><table:table-cell office:value-type="string"><text:p text:style-name="Standard"/><text:p xml:id="lang.Fr.series.head" text:style-name="P8">Informations sur la série :</text:p><text:p xml:id="lang.Fr.series.headItem" text:style-name="P8">${series/prefLabelLg1}</text:p><text:p xml:id="lang.En.series.head" text:style-name="P9">Informations about the series:</text:p><text:p xml:id="lang.En.series.headItem" text:style-name="P9">${series/prefLabelLg2}</text:p><text:p text:style-name="Standard"/></table:table-cell></table:table-row></table:table><table:table table:name="TableauIndicatorHead" table:style-name="TableauIndicatorHead"><table:table-column table:style-name="TableauIndicatorHead.A"/><table:table-row><table:table-cell office:value-type="string"><text:p xml:id="lang.Fr.indicator.head" text:style-name="P8">Informations sur l&apos;indicateur :</text:p><text:p xml:id="lang.Fr.indicator.headItem" text:style-name="P8">${indicator/prefLabelLg1}</text:p><text:p xml:id="lang.En.indicator.head" text:style-name="P9">Informations about the indicator:</text:p><text:p xml:id="lang.En.indicator.headItem" text:style-name="P9">${indicator/prefLabelLg2}</text:p></table:table-cell></table:table-row></table:table><text:p text:style-name="Standard"/><table:table table:name="TableauSeries" table:style-name="TableauSeries"><table:table-column table:style-name="TableauSeries.A"/><table:table-column table:style-name="TableauSeries.B"/><table:table-column table:style-name="TableauSeries.C"/><table:table-row><table:table-cell table:style-name="TableauSeries.A1" office:value-type="string"><text:p text:style-name="P11">Nom court</text:p><text:p text:style-name="P10">${series/altLabelLg1}</text:p></table:table-cell><table:table-cell office:value-type="string"><text:p text:style-name="Standard"/></table:table-cell><table:table-cell table:style-name="TableauSeries.A1" office:value-type="string"><text:p text:style-name="P11">Short name</text:p><text:p text:style-name="P10">${series/altLabelLg2}</text:p></table:table-cell></table:table-row><table:table-row><table:table-cell table:style-name="TableauSeries.A1" office:value-type="string"><text:p text:style-name="P11">Résumé</text:p><text:p text:style-name="P10">${series/abstractLg1}</text:p></table:table-cell><table:table-cell office:value-type="string"><text:p text:style-name="Standard"/></table:table-cell><table:table-cell table:style-name="TableauSeries.A1" office:value-type="string"><text:p text:style-name="P11">Summary</text:p><text:p text:style-name="P10">${series/abstractLg2}</text:p></table:table-cell></table:table-row><table:table-row><table:table-cell table:style-name="TableauSeries.A1" office:value-type="string"><text:p text:style-name="P11">Historique</text:p><text:p text:style-name="P10">${series/historyNoteLg1}</text:p></table:table-cell><table:table-cell office:value-type="string"><text:p text:style-name="Standard"/></table:table-cell><table:table-cell table:style-name="TableauSeries.A1" office:value-type="string"><text:p text:style-name="P11">History</text:p><text:p text:style-name="P10">${series/historyNoteLg2}</text:p></table:table-cell></table:table-row><table:table-row><table:table-cell table:style-name="TableauSeries.A1" office:value-type="string"><text:p text:style-name="P11">Type d&apos;opération</text:p><text:p text:style-name="P10">${seriesCode/type/labelLg1}</text:p></table:table-cell><table:table-cell office:value-type="string"><text:p text:style-name="Standard"/></table:table-cell><table:table-cell table:style-name="TableauSeries.A1" office:value-type="string"><text:p text:style-name="P11">Operation type</text:p><text:p text:style-name="P10">${seriesCode/type/labelLg2}</text:p></table:table-cell></table:table-row><table:table-row><table:table-cell table:style-name="TableauSeries.A1" office:value-type="string"><text:p text:style-name="P11">Fréquence de collecte des données</text:p><text:p text:style-name="P10">${seriesCode/accrualPeriodicity/labelLg1}</text:p></table:table-cell><table:table-cell office:value-type="string"><text:p text:style-name="Standard"/></table:table-cell><table:table-cell table:style-name="TableauSeries.A1" office:value-type="string"><text:p text:style-name="P11">Data frequency of dissemination</text:p><text:p text:style-name="P10">${seriesCode/accrualPeriodicity/labelLg2}</text:p></table:table-cell></table:table-row><table:table-row><table:table-cell table:style-name="TableauSeries.A1" table:number-columns-spanned="3" office:value-type="string"><text:p text:style-name="P11">Organismes responsables</text:p><text:p text:style-name="P10">#list(${series/publishers/labelLg1},&apos;L1&apos;)</text:p></table:table-cell><table:covered-table-cell/><table:covered-table-cell/></table:table-row><table:table-row><table:table-cell table:style-name="TableauSeries.A1" table:number-columns-spanned="3" office:value-type="string"><text:p text:style-name="P11">Partenaires</text:p><text:p text:style-name="P10">#list(${series/contributors/labelLg1},&apos;L1&apos;)</text:p></table:table-cell><table:covered-table-cell/><table:covered-table-cell/></table:table-row><table:table-row><table:table-cell table:style-name="TableauSeries.A1" table:number-columns-spanned="3" office:value-type="string"><text:p text:style-name="P11">Services collecteurs<text:soft-page-break/></text:p><text:p text:style-name="P10">#list(${series/dataCollectors/labelLg1},&apos;L1&apos;)</text:p></table:table-cell><table:covered-table-cell/><table:covered-table-cell/></table:table-row><table:table-row><table:table-cell table:style-name="TableauSeries.A1" table:number-columns-spanned="3" office:value-type="string"><text:p text:style-name="P11">Propriétaire</text:p><text:p text:style-name="P10">${series/creators}</text:p></table:table-cell><table:covered-table-cell/><table:covered-table-cell/></table:table-row><table:table-row><table:table-cell table:style-name="TableauSeries.A1" office:value-type="string"><text:p text:style-name="P11">Succède à</text:p><text:p text:style-name="P10">${series/replaces/labelLg1}</text:p></table:table-cell><table:table-cell office:value-type="string"><text:p text:style-name="Standard"/></table:table-cell><table:table-cell table:style-name="TableauSeries.A1" office:value-type="string"><text:p text:style-name="P11">Replaces</text:p><text:p text:style-name="P10">${series/replaces/labelLg2}</text:p></table:table-cell></table:table-row><table:table-row><table:table-cell table:style-name="TableauSeries.A1" office:value-type="string"><text:p text:style-name="P11">Remplacé par</text:p><text:p text:style-name="P10">${series/isReplacedBy/labelLg1}</text:p></table:table-cell><table:table-cell office:value-type="string"><text:p text:style-name="Standard"/></table:table-cell><table:table-cell table:style-name="TableauSeries.A1" office:value-type="string"><text:p text:style-name="P11">Replaced by</text:p><text:p text:style-name="P10">${series/isReplacedBy/labelLg2}</text:p></table:table-cell></table:table-row><table:table-row><table:table-cell table:style-name="TableauSeries.A1" table:number-columns-spanned="3" office:value-type="string"><text:p text:style-name="P11">Indicateurs produits</text:p><text:p text:style-name="P10">#list(${series/generates/labelLg1},&apos;L1&apos;)</text:p></table:table-cell><table:covered-table-cell/><table:covered-table-cell/></table:table-row><table:table-row><table:table-cell table:style-name="TableauSeries.A1" office:value-type="string"><text:p text:style-name="P11">Séries ou Indicateurs liés</text:p><text:p text:style-name="P11">Séries:</text:p><text:p text:style-name="P10">#list(${series/seeAlso-series/labelLg1},&apos;L1&apos;)</text:p><text:p text:style-name="P11">Indicateurs:</text:p><text:p text:style-name="P10">#list(${series/seeAlso-indicator/labelLg1},&apos;L1&apos;)</text:p></table:table-cell><table:table-cell office:value-type="string"><text:p text:style-name="Standard"/></table:table-cell><table:table-cell table:style-name="TableauSeries.A1" office:value-type="string"><text:p text:style-name="P11">Series and indicators produced</text:p><text:p text:style-name="P11">Series:</text:p><text:p text:style-name="P10">#list(${series/seeAlso-series/labelLg2},&apos;L1&apos;)</text:p><text:p text:style-name="P11">Indicators:</text:p><text:p text:style-name="P10">#list(${series/seeAlso-indicator/labelLg2},&apos;L1&apos;)</text:p></table:table-cell></table:table-row><table:table-row><table:table-cell table:style-name="TableauSeries.A1" office:value-type="string"><text:p text:style-name="P11">Famille parente</text:p><text:p text:style-name="P10">#list(${series/family/labelLg1},&apos;L1&apos;)</text:p></table:table-cell><table:table-cell office:value-type="string"><text:p text:style-name="Standard"/></table:table-cell><table:table-cell table:style-name="TableauSeries.A1" office:value-type="string"><text:p text:style-name="P11">Parent Family</text:p><text:p text:style-name="P10">#list(${series/family/labelLg2},&apos;L1&apos;)</text:p></table:table-cell></table:table-row><table:table-row><table:table-cell table:style-name="TableauSeries.A1" office:value-type="string"><text:p text:style-name="P11">Opérations filles</text:p><text:p text:style-name="P10">#list(${series/operations/labelLg1},&apos;L1&apos;)</text:p></table:table-cell><table:table-cell office:value-type="string"><text:p text:style-name="Standard"/></table:table-cell><table:table-cell table:style-name="TableauSeries.A1" office:value-type="string"><text:p text:style-name="P11">Daughter operations</text:p><text:p text:style-name="P10">#list(${series/operations/labelLg2},&apos;L1&apos;)</text:p></table:table-cell></table:table-row></table:table><table:table table:name="Tableau1" table:style-name="Tableau1"><table:table-column table:style-name="Tableau1.A"/><table:table-row><table:table-cell office:value-type="string"><text:p text:style-name="Standard"/><text:p xml:id="lang.Fr.operations" text:style-name="P8">Informations sur l&apos;opération :</text:p><text:p xml:id="lang.Fr.operationsItem" text:style-name="P8">${operation/prefLabelLg1}</text:p><text:p xml:id="lang.En.operations" text:style-name="P9">Informations about the operation:</text:p><text:p xml:id="lang.En.operationsItem" text:style-name="P9">${operation/prefLabelLg2}</text:p><text:p text:style-name="Standard"/></table:table-cell></table:table-row></table:table><table:table table:name="TableauIndicator" table:style-name="TableauIndicator"><table:table-column table:style-name="TableauIndicator.A"/><table:table-column table:style-name="TableauIndicator.B"/><table:table-column table:style-name="TableauIndicator.C"/><table:table-row><table:table-cell table:style-name="TableauIndicator.A1" office:value-type="string"><text:p text:style-name="P11">Nom court</text:p><text:p text:style-name="P10">${indicator/altLabelLg1}</text:p></table:table-cell><table:table-cell office:value-type="string"><text:p text:style-name="Standard"/></table:table-cell><table:table-cell table:style-name="TableauIndicator.A1" office:value-type="string"><text:p text:style-name="P11">Short name</text:p><text:p text:style-name="P10">${indicator/altLabelLg2}</text:p></table:table-cell></table:table-row><table:table-row><table:table-cell table:style-name="TableauIndicator.A1" office:value-type="string"><text:p text:style-name="P11">Résumé</text:p><text:p text:style-name="P10">${indicator/abstractLg1}</text:p></table:table-cell><table:table-cell office:value-type="string"><text:p text:style-name="Standard"/></table:table-cell><table:table-cell table:style-name="TableauIndicator.A1" office:value-type="string"><text:p text:style-name="P11">Summary</text:p><text:p text:style-name="P10">${indicator/abstractLg2}</text:p></table:table-cell></table:table-row><table:table-row><table:table-cell table:style-name="TableauIndicator.A1" office:value-type="string"><text:p text:style-name="P11">Historique</text:p><text:p text:style-name="P10">${indicator/historyNoteLg1}</text:p></table:table-cell><table:table-cell office:value-type="string"><text:p text:style-name="Standard"/></table:table-cell><table:table-cell table:style-name="TableauIndicator.A1" office:value-type="string"><text:p text:style-name="P11">History</text:p><text:p text:style-name="P10">${indicator/historyNoteLg2}</text:p></table:table-cell></table:table-row><table:table-row><table:table-cell table:style-name="TableauIndicator.A1" office:value-type="string"><text:p text:style-name="P11">Fréquence de diffusion</text:p><text:p text:style-name="P10">${indicatorCode/accrualPeriodicity/labelLg1}</text:p></table:table-cell><table:table-cell office:value-type="string"><text:p text:style-name="Standard"/></table:table-cell><table:table-cell table:style-name="TableauIndicator.A1" office:value-type="string"><text:p text:style-name="P11">Data frequency of dissemination</text:p><text:p text:style-name="P10">${indicatorCode/accrualPeriodicity/labelLg2}</text:p></table:table-cell></table:table-row><text:soft-page-break/><table:table-row><table:table-cell table:style-name="TableauIndicator.A1" table:number-columns-spanned="3" office:value-type="string"><text:p text:style-name="P11">Organismes responsables</text:p><text:p text:style-name="P10">#list(${indicator/publishers},&apos;L1&apos;)</text:p></table:table-cell><table:covered-table-cell/><table:covered-table-cell/></table:table-row><table:table-row><table:table-cell table:style-name="TableauIndicator.A1" table:number-columns-spanned="3" office:value-type="string"><text:p text:style-name="P11">Propriétaire</text:p><text:p text:style-name="P10">${indicator/creators}</text:p></table:table-cell><table:covered-table-cell/><table:covered-table-cell/></table:table-row><table:table-row><table:table-cell table:style-name="TableauIndicator.A1" table:number-columns-spanned="3" office:value-type="string"><text:p text:style-name="P11">Partenaires</text:p><text:p text:style-name="P10">#list(${indicator/contributors},&apos;L1&apos;)</text:p></table:table-cell><table:covered-table-cell/><table:covered-table-cell/></table:table-row><table:table-row><table:table-cell table:style-name="TableauIndicator.A1" office:value-type="string"><text:p text:style-name="P11">Succède à</text:p><text:p text:style-name="P10">${indicator/replaces/labelLg1}</text:p></table:table-cell><table:table-cell office:value-type="string"><text:p text:style-name="Standard"/></table:table-cell><table:table-cell table:style-name="TableauIndicator.A1" office:value-type="string"><text:p text:style-name="P11">Replaces</text:p><text:p text:style-name="P10">${indicator/replaces/labelLg2}</text:p></table:table-cell></table:table-row><table:table-row><table:table-cell table:style-name="TableauIndicator.A1" office:value-type="string"><text:p text:style-name="P11">Remplacé par</text:p><text:p text:style-name="P10">${indicator/isReplacedBy/labelLg1}</text:p></table:table-cell><table:table-cell office:value-type="string"><text:p text:style-name="Standard"/></table:table-cell><table:table-cell table:style-name="TableauIndicator.A1" office:value-type="string"><text:p text:style-name="P11">Replaced by</text:p><text:p text:style-name="P10">${indicator/isReplacedBy/labelLg2}</text:p></table:table-cell></table:table-row><table:table-row><table:table-cell table:style-name="TableauIndicator.A1" office:value-type="string"><text:p text:style-name="P11">Produit de</text:p><text:p text:style-name="P10">#list(${indicator/wasGeneratedBy/labelLg1},&apos;L1&apos;)</text:p></table:table-cell><table:table-cell office:value-type="string"><text:p text:style-name="Standard"/></table:table-cell><table:table-cell table:style-name="TableauIndicator.A1" office:value-type="string"><text:p text:style-name="P11">Produced from</text:p><text:p text:style-name="P10">#list(${indicator/wasGeneratedBy/labelLg2},&apos;L1&apos;)</text:p></table:table-cell></table:table-row><table:table-row><table:table-cell table:style-name="TableauIndicator.A1" office:value-type="string"><text:p text:style-name="P11">Séries ou Indicateurs liés</text:p><text:p text:style-name="P11">Séries:</text:p><text:p text:style-name="P10">#list(${indicator/seeAlso-series/labelLg1},&apos;L1&apos;)</text:p><text:p text:style-name="P11">Indicateurs:</text:p><text:p text:style-name="P10">#list(${indicator/seeAlso-indicator/labelLg1},&apos;L1&apos;)</text:p></table:table-cell><table:table-cell office:value-type="string"><text:p text:style-name="Standard"/></table:table-cell><table:table-cell table:style-name="TableauIndicator.A1" office:value-type="string"><text:p text:style-name="P11">Series and indicators produced</text:p><text:p text:style-name="P11">Series:</text:p><text:p text:style-name="P10">#list(${indicator/seeAlso-series/labelLg2},&apos;L1&apos;)</text:p><text:p text:style-name="P11">Indicators:</text:p><text:p text:style-name="P10">#list(${indicator/seeAlso-indicator/labelLg2},&apos;L1&apos;)</text:p></table:table-cell></table:table-row></table:table><text:p text:style-name="Standard"/><table:table table:name="TableauOperation" table:style-name="TableauOperation"><table:table-column table:style-name="TableauOperation.A"/><table:table-column table:style-name="TableauOperation.B"/><table:table-column table:style-name="TableauOperation.C"/><table:table-row><table:table-cell table:style-name="TableauOperation.A1" office:value-type="string"><text:p text:style-name="P11">Nom court</text:p><text:p text:style-name="P10">${operation/altLabelLg1}</text:p></table:table-cell><table:table-cell office:value-type="string"><text:p text:style-name="Standard"/></table:table-cell><table:table-cell table:style-name="TableauOperation.A1" office:value-type="string"><text:p text:style-name="P11">Short name</text:p><text:p text:style-name="P10">${operation/altLabelLg2}</text:p></table:table-cell></table:table-row><table:table-row><table:table-cell table:style-name="TableauOperation.A1" office:value-type="string"><text:p text:style-name="P11">Série parente</text:p><text:p text:style-name="P10">${operation/series/labelLg1}</text:p></table:table-cell><table:table-cell office:value-type="string"><text:p text:style-name="Standard"/></table:table-cell><table:table-cell table:style-name="TableauOperation.A1" office:value-type="string"><text:p text:style-name="P11">Parent series</text:p><text:p text:style-name="P10">${operation/series/labelLg2}</text:p></table:table-cell></table:table-row></table:table><text:p text:style-name="P3">Rapport qualité : ${sims/prefLabelLg1}</text:p><text:section text:style-name="Sect1" text:name="mas-loop"><table:table table:name="Tableau2" table:style-name="Tableau2"><table:table-column table:style-name="Tableau2.A"/><table:table-column table:style-name="Tableau2.B"/><table:table-row><table:table-cell office:value-type="string"><text:p text:style-name="P6">${mas/idMas} - ${mas/masLabelLg1}</text:p></table:table-cell><table:table-cell office:value-type="string"><text:p text:style-name="Standard"/></table:table-cell></table:table-row></table:table><table:table table:name="Tableau3" table:style-name="Tableau3"><table:table-column table:style-name="Tableau3.A"/><table:table-column table:style-name="Tableau3.B"/><table:table-row><table:table-cell table:style-name="Tableau3.A1" office:value-type="string"><text:p text:style-name="P11">${mas/idMas} - ${mas/masLabelLg1}</text:p><text:p text:style-name="P10">${simsRubrics/labelLg1}</text:p></table:table-cell><table:table-cell table:style-name="Tableau3.A1" office:value-type="string"><text:p text:style-name="P11">${mas/idMas} - ${mas/masLabelLg2}</text:p><text:p text:style-name="P10">${simsRubrics/labelLg2}</text:p></table:table-cell></table:table-row></table:table></text:section></office:text></office:body></office:document-content>